input_length,output_length,ttft,generation_time,tps
500,200,0.16128938514739274,5.152403486892581,38.81683577553438
