input_length,output_length,ttft,generation_time,tps
1000,200,0.16322348430752753,5.370117387436331,37.24313372886604
