input_length,output_length,ttft,generation_time,tps
1000,200,0.34716302145272493,6.2854184414446355,31.81967944747242
