input_length,output_length,ttft,generation_time,tps
500,200,0.3404122357442975,6.290075527690351,31.796120590214578
